{
	"IcoMoonType": "selection",
	"icons": [
		{
			"icon": {
				"paths": [
					"M672 192c-88.366 0-160 71.634-160 160v96h-128v128h128v448h128v-448h144l32-128h-176v-96c0-17.672 14.326-32 32-32h160v-128h-160z"
				],
				"attrs": [],
				"tags": [
					"facebook",
					"brand",
					"social"
				],
				"defaultCode": 58520,
				"grid": 16
			},
			"attrs": [],
			"properties": {
				"id": 1297,
				"order": 12,
				"prevSize": 32,
				"code": 60044,
				"ligatures": "facebook, brand6",
				"name": "facebook"
			},
			"setIdx": 9,
			"setId": 0,
			"iconIdx": 396
		},
		{
			"icon": {
				"paths": [
					"M1024 194.418c-37.676 16.708-78.164 28.002-120.66 33.080 43.372-26 76.686-67.17 92.372-116.23-40.596 24.078-85.556 41.56-133.41 50.98-38.32-40.83-92.922-66.34-153.346-66.34-116.022 0-210.088 94.058-210.088 210.078 0 16.466 1.858 32.5 5.44 47.878-174.6-8.764-329.402-92.4-433.018-219.506-18.084 31.028-28.446 67.116-28.446 105.618 0 72.888 37.088 137.192 93.46 174.866-34.438-1.092-66.832-10.542-95.154-26.278-0.020 0.876-0.020 1.756-0.020 2.642 0 101.788 72.418 186.696 168.522 206-17.626 4.8-36.188 7.372-55.348 7.372-13.538 0-26.698-1.32-39.528-3.772 26.736 83.46 104.32 144.206 196.252 145.896-71.9 56.35-162.486 89.934-260.916 89.934-16.958 0-33.68-0.994-50.116-2.94 92.972 59.61 203.402 94.394 322.042 94.394 386.422 0 597.736-320.124 597.736-597.744 0-9.108-0.206-18.168-0.61-27.18 41.056-29.62 76.672-66.62 104.836-108.748z"
				],
				"attrs": [],
				"tags": [
					"twitter",
					"brand",
					"tweet",
					"social"
				],
				"defaultCode": 58525,
				"grid": 16
			},
			"attrs": [],
			"properties": {
				"id": 1302,
				"order": 9,
				"prevSize": 32,
				"code": 60049,
				"ligatures": "twitter, brand11",
				"name": "twitter"
			},
			"setIdx": 9,
			"setId": 0,
			"iconIdx": 401
		},
		{
			"icon": {
				"paths": [
					"M832 128h-640c-105.6 0-192 86.4-192 192v384c0 105.6 86.4 192 192 192h640c105.6 0 192-86.4 192-192v-384c0-105.6-86.4-192-192-192zM384 768v-512l320 256-320 256z"
				],
				"attrs": [],
				"tags": [
					"youtube",
					"brand",
					"social"
				],
				"defaultCode": 58531,
				"grid": 16
			},
			"attrs": [],
			"properties": {
				"id": 1308,
				"order": 13,
				"prevSize": 32,
				"code": 60055,
				"ligatures": "youtube, brand14",
				"name": "youtube"
			},
			"setIdx": 9,
			"setId": 0,
			"iconIdx": 407
		}
	],
	"height": 1024,
	"preferences": {
		"showGlyphs": true,
		"showQuickUse": true,
		"showQuickUse2": true,
		"showSVGs": true,
		"fontPref": {
			"prefix": "icon-",
			"metadata": {
				"fontFamily": "icomoon"
			},
			"metrics": {
				"emSize": 1024,
				"baseline": 6.25,
				"whitespace": 50
			},
			"embed": false,
			"autoHost": true
		},
		"imagePref": {
			"prefix": "icon-",
			"png": true,
			"useClassSelector": true,
			"color": 4473924,
			"bgColor": 16777215,
			"classSelector": ".icon",
			"columns": 16,
			"margin": 16,
			"height": 32,
			"minifyJs": true,
			"sprite": true,
			"addBgColor": false
		},
		"historySize": 100,
		"showCodes": false,
		"gridSize": 16,
		"showGrid": false,
		"quickUsageToken": {
			"UntitledProject": "YWQyOWU0NjRkODJiYzE5YmIzMGQ5YWRkYTZkMWEzZGQjMSMxNDM5ODQ3NjI5IyMj"
		},
		"fontHostingName": false
	}
}