{
	"IcoMoonType": "selection",
	"icons": [
		{
			"icon": {
				"paths": [],
				"attrs": [],
				"isMulticolor": false,
				"width": 485,
				"grid": 0,
				"tags": [
					"icon-fb2"
				]
			},
			"attrs": [],
			"properties": {
				"order": 6,
				"id": 1,
				"prevSize": 32,
				"name": "icon-fb2"
			},
			"setIdx": 0,
			"setId": 13,
			"iconIdx": 0
		},
		{
			"icon": {
				"paths": [],
				"attrs": [],
				"isMulticolor": false,
				"width": 485,
				"grid": 0,
				"tags": [
					"icon-fb"
				]
			},
			"attrs": [],
			"properties": {
				"order": 7,
				"id": 0,
				"prevSize": 32,
				"name": "icon-fb"
			},
			"setIdx": 0,
			"setId": 13,
			"iconIdx": 1
		}
	],
	"height": 1024,
	"preferences": {
		"showGlyphs": true,
		"showQuickUse": true,
		"showQuickUse2": true,
		"showSVGs": true,
		"fontPref": {
			"prefix": "icon-",
			"metadata": {
				"fontFamily": "icomoon"
			},
			"metrics": {
				"emSize": 1024,
				"baseline": 6.25,
				"whitespace": 50
			},
			"embed": false,
			"autoHost": true
		},
		"imagePref": {
			"prefix": "icon-",
			"png": true,
			"useClassSelector": true,
			"color": 4473924,
			"bgColor": 16777215,
			"classSelector": ".icon",
			"columns": 16,
			"margin": 16,
			"height": 32,
			"minifyJs": true,
			"sprite": true,
			"addBgColor": false
		},
		"historySize": 100,
		"showCodes": false,
		"gridSize": 16,
		"showGrid": false,
		"quickUsageToken": {
			"UntitledProject": "YWQyOWU0NjRkODJiYzE5YmIzMGQ5YWRkYTZkMWEzZGQjMSMxNDM5ODQ3NjI5IyMj"
		},
		"fontHostingName": false
	}
}